Workbook

Sheet 表紙
B2: 社内研修サポートアプリ
B3: アビックトレーニング（仮）DB定義書
B6: 更新履歴
B8: バージョン | F8: 作成･更新日 | J8: 改版理由・箇所 | AC8: 担当
B9: 0.0.1 | F9: 41973 | J9: 新規作成 | AC9: 米丸

Sheet テーブル一覧
A1: 文書名 | C1: =表紙!B3 -> アビックトレーニング（仮）DB定義書 | Q1: 作成者 | T1: 米丸ことみ | Y1: 作成日 | AB1: 41973
Q2: 更新者 | Y2: 更新日
B5: １．テーブル一覧
B7: No | C7: テーブル論理名 | H7: テーブル物理名
B8: =ROW()-7 -> 1 | C8: ユーザマスタ | H8: M_USER
B9: =ROW()-7 -> 2 | C9: 問題レベルマスタ | H9: M_QUESTION_LEVEL
B10: =ROW()-7 -> 3 | C10: 問題カテゴリマスタ | H10: M_QUESTION_CAT
B11: =ROW()-7 -> 4 | C11: 問題サブカテゴリマスタ | H11: M_SUB_QUESTION_CAT
B12: =ROW()-7 -> 5 | C12: 問題マスタ | H12: M_QUESTION
B13: =ROW()-7 -> 6 | C13: 解答マスタ | H13: M_ANSWER
B14: =ROW()-7 -> 7 | C14: ユーザ参照権限 | H14: T_USER_AUTHORITY
B15: =ROW()-7 -> 8 | C15: 成績 | H15: T_SCORE
B16: =ROW()-7 -> 9 | C16: 苦手問題 | H16: T_WEAK_POINT

Sheet ユーザマスタ
A1: 文書名 | C1: =表紙!B3 -> アビックトレーニング（仮）DB定義書 | Q1: 作成者 | T1: 米丸ことみ | Y1: 作成日 | AB1: 41973
Q2: 更新者 | Y2: 更新日
A4: テーブル論理名称 | F4: =テーブル一覧!C8 -> ユーザマスタ
A5: テーブル物理名称 | F5: =テーブル一覧!H8 -> M_USER
A6: 説明 | F6: ユーザ情報を格納します。
A8: 一覧に戻る
A9: No | B9: 論理名称 | F9: 物理名称 | J9: データ型 | M9: 桁数 | O9: 初期値 | Q9: PK | R9: NN | S9: FK | T9: コード値 | V9: 説明
A10: =ROW()-9 -> 1 | B10: ユーザID | F10: USER_ID | J10: varchar | M10: 16 | Q10: 1 | R10: ○
A11: =ROW()-9 -> 2 | B11: パスワード | F11: PASSWORD | J11: varchar | M11: 255 | R11: ○
A12: =ROW()-9 -> 3 | B12: 氏名（姓） | F12: LAST_NAME | J12: varchar | M12: 50 | R12: ○
A13: =ROW()-9 -> 4 | B13: 氏名（名） | F13: FIRST_NAME | J13: varchar | M13: 50 | R13: ○
A14: =ROW()-9 -> 5 | B14: 登録ユーザID | F14: INSERT_USER_ID | J14: varchar | M14: 16 | R14: ○
A15: =ROW()-9 -> 6 | B15: 登録年月日 | F15: INSERT_DATE | J15: timestamp | R15: ○
A16: =ROW()-9 -> 7 | B16: 更新ユーザID | F16: UPDATE_USER_ID | J16: varchar | M16: 16 | R16: ○
A17: =ROW()-9 -> 8 | B17: 更新年月日 | F17: UPDATE_DATE | J17: timestamp | R17: ○
A18: =ROW()-9 -> 9 | B18: 削除フラグ | F18: DELETE_FLG | J18: char | M18: 1 | O18: 0 | R18: ○ | T18: CMN001

Sheet 問題レベルマスタ
A1: 文書名 | C1: =表紙!B3 -> アビックトレーニング（仮）DB定義書 | Q1: 作成者 | T1: 米丸ことみ | Y1: 作成日 | AB1: 41973
Q2: 更新者 | Y2: 更新日
A4: テーブル論理名称 | F4: =テーブル一覧!C9 -> 問題レベルマスタ
A5: テーブル物理名称 | F5: =テーブル一覧!H9 -> M_QUESTION_LEVEL
A6: 説明 | F6: 問題レベルを格納します。
A8: 一覧に戻る
A9: No | B9: 論理名称 | F9: 物理名称 | J9: データ型 | M9: 桁数 | O9: 初期値 | Q9: PK | R9: NN | S9: FK | T9: コード値 | V9: 説明
A10: =ROW()-9 -> 1 | B10: 問題レベルID | F10: QUESTION_LEVEL_ID | J10: char | M10: 2 | Q10: 1 | R10: ○
A11: =ROW()-9 -> 2 | B11: 問題レベル名称 | F11: QUESTION_LEVEL_NAME | J11: varchar | M11: 50 | R11: ○
A12: =ROW()-9 -> 3 | B12: 表示順 | F12: SORT_NUMBER | J12: integer | R12: ○
A13: =ROW()-9 -> 4 | B13: 登録ユーザID | F13: INSERT_USER_ID | J13: varchar | M13: 16 | R13: ○
A14: =ROW()-9 -> 5 | B14: 登録年月日 | F14: INSERT_DATE | J14: timestamp | R14: ○
A15: =ROW()-9 -> 6 | B15: 更新ユーザID | F15: UPDATE_USER_ID | J15: varchar | M15: 16 | R15: ○
A16: =ROW()-9 -> 7 | B16: 更新年月日 | F16: UPDATE_DATE | J16: timestamp | R16: ○
A17: =ROW()-9 -> 8 | B17: 削除フラグ | F17: DELETE_FLG | J17: char | M17: 1 | O17: 0 | R17: ○ | T17: CMN001

Sheet 問題カテゴリマスタ
A1: 文書名 | C1: =表紙!B3 -> アビックトレーニング（仮）DB定義書 | Q1: 作成者 | T1: 米丸ことみ | Y1: 作成日 | AB1: 41973
Q2: 更新者 | Y2: 更新日
A4: テーブル論理名称 | F4: =テーブル一覧!C10 -> 問題カテゴリマスタ
A5: テーブル物理名称 | F5: =テーブル一覧!H10 -> M_QUESTION_CAT
A6: 説明 | F6: 問題カテゴリ情報を格納します。
A8: 一覧に戻る
A9: No | B9: 論理名称 | F9: 物理名称 | J9: データ型 | M9: 桁数 | O9: 初期値 | Q9: PK | R9: NN | S9: FK | T9: コード値 | V9: 説明
A10: =ROW()-9 -> 1 | B10: 問題カテゴリID | F10: QUESTION_CAT_ID | J10: char | M10: 2 | Q10: 1 | R10: ○
A11: =ROW()-9 -> 2 | B11: 問題レベルID | F11: QUESTION_LEVEL_ID | J11: char | M11: 2 | Q11: 2 | R11: ○ | S11: ○
A12: =ROW()-9 -> 3 | B12: 問題カテゴリ名称 | F12: QUESTION_CAT_NAME | J12: varchar | M12: 50 | R12: ○
A13: =ROW()-9 -> 4 | B13: 表示順 | F13: SORT_NUMBER | J13: integer | R13: ○
A14: =ROW()-9 -> 5 | B14: 登録ユーザID | F14: INSERT_USER_ID | J14: varchar | M14: 16 | R14: ○
A15: =ROW()-9 -> 6 | B15: 登録年月日 | F15: INSERT_DATE | J15: timestamp | R15: ○
A16: =ROW()-9 -> 7 | B16: 更新ユーザID | F16: UPDATE_USER_ID | J16: varchar | M16: 16 | R16: ○
A17: =ROW()-9 -> 8 | B17: 更新年月日 | F17: UPDATE_DATE | J17: timestamp | R17: ○
A18: =ROW()-9 -> 9 | B18: 削除フラグ | F18: DELETE_FLG | J18: char | M18: 1 | O18: 0 | R18: ○ | T18: CMN001

Sheet 問題サブカテゴリマスタ
A1: 文書名 | C1: =表紙!B3 -> アビックトレーニング（仮）DB定義書 | Q1: 作成者 | T1: 米丸ことみ | Y1: 作成日 | AB1: 41973
Q2: 更新者 | Y2: 更新日
A4: テーブル論理名称 | F4: =テーブル一覧!C11 -> 問題サブカテゴリマスタ
A5: テーブル物理名称 | F5: =テーブル一覧!H11 -> M_SUB_QUESTION_CAT
A6: 説明 | F6: 問題サブカテゴリ情報を格納します。
A8: 一覧に戻る
A9: No | B9: 論理名称 | F9: 物理名称 | J9: データ型 | M9: 桁数 | O9: 初期値 | Q9: PK | R9: NN | S9: FK | T9: コード値 | V9: 説明
A10: =ROW()-9 -> 1 | B10: 問題サブカテゴリID | F10: QUESTION_SUB_CAT_ID | J10: char | M10: 2 | Q10: 1 | R10: ○
A11: =ROW()-9 -> 2 | B11: 問題レベルID | F11: QUESTION_LEVEL_ID | J11: char | M11: 2 | Q11: 2 | R11: ○ | S11: ○
A12: =ROW()-9 -> 3 | B12: 問題カテゴリID | F12: QUESTION_CAT_ID | J12: char | M12: 2 | P12: 2 | Q12: 3 | R12: ○ | S12: ○
A13: =ROW()-9 -> 4 | B13: 問題サブカテゴリ名称 | F13: QUESTION_SUB_CAT_NAME | J13: varchar | M13: 50 | R13: ○
A14: =ROW()-9 -> 5 | B14: 表示順 | F14: SORT_NUMBER | J14: integer | R14: ○
A15: =ROW()-9 -> 6 | B15: 登録ユーザID | F15: INSERT_USER_ID | J15: varchar | M15: 16 | R15: ○
A16: =ROW()-9 -> 7 | B16: 登録年月日 | F16: INSERT_DATE | J16: timestamp | R16: ○
A17: =ROW()-9 -> 8 | B17: 更新ユーザID | F17: UPDATE_USER_ID | J17: varchar | M17: 16 | R17: ○
A18: =ROW()-9 -> 9 | B18: 更新年月日 | F18: UPDATE_DATE | J18: timestamp | R18: ○
A19: =ROW()-9 -> 10 | B19: 削除フラグ | F19: DELETE_FLG | J19: char | M19: 1 | O19: 0 | R19: ○ | T19: CMN001

Sheet 問題マスタ
A1: 文書名 | C1: =表紙!B3 -> アビックトレーニング（仮）DB定義書 | Q1: 作成者 | T1: 米丸ことみ | Y1: 作成日 | AB1: 41973
Q2: 更新者 | Y2: 更新日
A4: テーブル論理名称 | F4: =テーブル一覧!C12 -> 問題マスタ
A5: テーブル物理名称 | F5: =テーブル一覧!H12 -> M_QUESTION
A6: 説明 | F6: 問題を格納します。
A8: 一覧に戻る
A9: No | B9: 論理名称 | F9: 物理名称 | J9: データ型 | M9: 桁数 | O9: 初期値 | Q9: PK | R9: NN | S9: FK | T9: コード値 | V9: 説明
A10: =ROW()-9 -> 1 | B10: 問題ID | F10: QUESTION_ID | J10: char | M10: 9 | Q10: 1 | R10: ○ | V10: 問題レベルID + 問題カテゴリID + 問題サブカテゴリID + 連番３桁
A11: =ROW()-9 -> 2 | B11: 問題レベルID | F11: QUESTION_LEVEL_ID | J11: char | M11: 2 | R11: ○ | S11: ○
A12: =ROW()-9 -> 3 | B12: 問題カテゴリID | F12: QUESTION_CAT_ID | J12: char | M12: 2 | R12: ○ | S12: ○
A13: =ROW()-9 -> 4 | B13: 問題サブカテゴリID | F13: QUESTION_SUB_CAT_ID | J13: char | M13: 2 | R13: ○ | S13: ○
A14: =ROW()-9 -> 5 | B14: 問題サブカテゴリ名称 | F14: QUESTION_SUB_CAT_NAME | J14: varchar | M14: 50 | R14: ○
A15: =ROW()-9 -> 6 | B15: 登録ユーザID | F15: INSERT_USER_ID | J15: varchar | M15: 16 | R15: ○
A16: =ROW()-9 -> 7 | B16: 登録年月日 | F16: INSERT_DATE | J16: timestamp | R16: ○
A17: =ROW()-9 -> 8 | B17: 更新ユーザID | F17: UPDATE_USER_ID | J17: varchar | M17: 16 | R17: ○
A18: =ROW()-9 -> 9 | B18: 更新年月日 | F18: UPDATE_DATE | J18: timestamp | R18: ○
A19: =ROW()-9 -> 10 | B19: 削除フラグ | F19: DELETE_FLG | J19: char | M19: 1 | O19: 0 | R19: ○ | T19: CMN001

Sheet 解答マスタ
A1: 文書名 | C1: =表紙!B3 -> アビックトレーニング（仮）DB定義書 | Q1: 作成者 | T1: 米丸ことみ | Y1: 作成日 | AB1: 41973
Q2: 更新者 | Y2: 更新日
A4: テーブル論理名称 | F4: =テーブル一覧!C13 -> 解答マスタ
A5: テーブル物理名称 | F5: =テーブル一覧!H13 -> M_ANSWER
A6: 説明 | F6: 解答を格納します。
A8: 一覧に戻る
A9: No | B9: 論理名称 | F9: 物理名称 | J9: データ型 | M9: 桁数 | O9: 初期値 | Q9: PK | R9: NN | S9: FK | T9: コード値 | V9: 説明
A10: =ROW()-9 -> 1 | B10: 解答ID | F10: ANSWER_ID | J10: char | M10: 11 | Q10: 1 | R10: ○ | V10: 問題ID + 連番２桁
A11: =ROW()-9 -> 2 | B11: 問題レベルID | F11: QUESTION_LEVEL_ID | J11: char | M11: 2 | R11: ○ | S11: ○
A12: =ROW()-9 -> 3 | B12: 問題カテゴリID | F12: QUESTION_CAT_ID | J12: char | M12: 2 | R12: ○ | S12: ○
A13: =ROW()-9 -> 4 | B13: 問題サブカテゴリID | F13: QUESTION_SUB_CAT_ID | J13: char | M13: 2 | R13: ○ | S13: ○
A14: =ROW()-9 -> 5 | B14: 問題ID | F14: QUESTION_ID | J14: char | M14: 9 | P14: 2 | R14: ○ | S14: ○
A15: =ROW()-9 -> 6 | B15: 登録ユーザID | F15: INSERT_USER_ID | J15: varchar | M15: 16 | R15: ○
A16: =ROW()-9 -> 7 | B16: 登録年月日 | F16: INSERT_DATE | J16: timestamp | R16: ○
A17: =ROW()-9 -> 8 | B17: 更新ユーザID | F17: UPDATE_USER_ID | J17: varchar | M17: 16 | R17: ○
A18: =ROW()-9 -> 9 | B18: 更新年月日 | F18: UPDATE_DATE | J18: timestamp | R18: ○
A19: =ROW()-9 -> 10 | B19: 削除フラグ | F19: DELETE_FLG | J19: char | M19: 1 | O19: 0 | R19: ○ | T19: CMN001

Sheet ユーザ参照権限
A1: 文書名 | C1: =表紙!B3 -> アビックトレーニング（仮）DB定義書 | Q1: 作成者 | T1: 米丸ことみ | Y1: 作成日 | AB1: 41973
Q2: 更新者 | Y2: 更新日
A4: テーブル論理名称 | F4: =テーブル一覧!C14 -> ユーザ参照権限
A5: テーブル物理名称 | F5: =テーブル一覧!H14 -> T_USER_AUTHORITY
A6: 説明 | F6: 解答を格納します。
A8: 一覧に戻る
A9: No | B9: 論理名称 | F9: 物理名称 | J9: データ型 | M9: 桁数 | O9: 初期値 | Q9: PK | R9: NN | S9: FK | T9: コード値 | V9: 説明
A10: =ROW()-9 -> 1 | B10: ユーザID | F10: USER_ID | J10: varchar | M10: 16 | Q10: 1 | R10: ○ | S10: ○
A11: =ROW()-9 -> 2 | B11: 問題レベルID | F11: QUESTION_LEVEL_ID | J11: char | M11: 2 | Q11: 2 | R11: ○ | S11: ○
A12: =ROW()-9 -> 3 | B12: 登録ユーザID | F12: INSERT_USER_ID | J12: varchar | M12: 16 | R12: ○
A13: =ROW()-9 -> 4 | B13: 登録年月日 | F13: INSERT_DATE | J13: timestamp | R13: ○
A14: =ROW()-9 -> 5 | B14: 更新ユーザID | F14: UPDATE_USER_ID | J14: varchar | M14: 16 | R14: ○
A15: =ROW()-9 -> 6 | B15: 更新年月日 | F15: UPDATE_DATE | J15: timestamp | R15: ○
A16: =ROW()-9 -> 7 | B16: 削除フラグ | F16: DELETE_FLG | J16: char | M16: 1 | N16: 0 | O16: 0 | R16: ○ | T16: CMN001

Sheet 成績
A1: 文書名 | C1: =表紙!B3 -> アビックトレーニング（仮）DB定義書 | Q1: 作成者 | T1: 米丸ことみ | Y1: 作成日 | AB1: 41973
Q2: 更新者 | Y2: 更新日
A4: テーブル論理名称 | F4: =テーブル一覧!C15 -> 成績
A5: テーブル物理名称 | F5: =テーブル一覧!H15 -> T_SCORE
A6: 説明 | F6: 成績を格納します。
A8: 一覧に戻る
A9: No | B9: 論理名称 | F9: 物理名称 | J9: データ型 | M9: 桁数 | O9: 初期値 | Q9: PK | R9: NN | S9: FK | T9: コード値 | V9: 説明
A10: =ROW()-9 -> 1 | B10: スコアID | F10: SCORE_ID | J10: identity | Q10: 1 | R10: ○ | S10: ○
A11: =ROW()-9 -> 2 | B11: ユーザID | F11: USER_ID | J11: varchar | M11: 16 | R11: ○ | S11: ○
A12: =ROW()-9 -> 3 | B12: 問題レベルID | F12: QUESTION_LEVEL_ID | J12: char | M12: 2 | R12: ○ | S12: ○
A13: =ROW()-9 -> 4 | B13: 問題カテゴリID | F13: QUESTION_CAT_ID | J13: char | M13: 2 | P13: 2 | R13: ○ | S13: ○
A14: =ROW()-9 -> 5 | B14: 問題サブカテゴリID | F14: QUESTION_SUB_CAT_ID | J14: char | M14: 2 | R14: ○ | S14: ○
A15: =ROW()-9 -> 6 | B15: 実施日時 | F15: TRY_DATE | J15: time | R15: ○
A16: =ROW()-9 -> 7 | B16: 問題数 | F16: ANS_NUM | J16: integer | O16: 0 | V16: 総合問題でない場合のみ登録される
A17: =ROW()-9 -> 8 | B17: 誤答数 | F17: WRONG_ANS_NUM | J17: integer | O17: 0 | V17: 総合問題でない場合のみ登録される
A18: =ROW()-9 -> 9 | B18: 得点 | F18: SCORE | J18: integer | O18: 0 | V18: 総合問題の場合のみ登録される
A19: =ROW()-9 -> 10 | B19: 合格フラグ | F19: PASS_FLG | J19: char | M19: 1 | N19: 0
A20: =ROW()-9 -> 11 | B20: 登録ユーザID | F20: INSERT_USER_ID | J20: varchar | M20: 16 | R20: ○
A21: =ROW()-9 -> 12 | B21: 登録年月日 | F21: INSERT_DATE | J21: timestamp | R21: ○
A22: =ROW()-9 -> 13 | B22: 更新ユーザID | F22: UPDATE_USER_ID | J22: varchar | M22: 16 | R22: ○
A23: =ROW()-9 -> 14 | B23: 更新年月日 | F23: UPDATE_DATE | J23: timestamp | R23: ○
A24: =ROW()-9 -> 15 | B24: 削除フラグ | F24: DELETE_FLG | J24: char | M24: 1 | N24: 0 | O24: 0 | R24: ○ | T24: CMN001

Sheet 苦手問題
A1: 文書名 | C1: =表紙!B3 -> アビックトレーニング（仮）DB定義書 | Q1: 作成者 | T1: 米丸ことみ | Y1: 作成日 | AB1: 41973
Q2: 更新者 | Y2: 更新日
A4: テーブル論理名称 | F4: =テーブル一覧!C16 -> 苦手問題
A5: テーブル物理名称 | F5: =テーブル一覧!H16 -> T_WEAK_POINT
A6: 説明 | F6: 苦手問題を格納します。
A8: 一覧に戻る
A9: No | B9: 論理名称 | F9: 物理名称 | J9: データ型 | M9: 桁数 | O9: 初期値 | Q9: PK | R9: NN | S9: FK | T9: コード値 | V9: 説明
A10: =ROW()-9 -> 1 | B10: ユーザID | F10: USER_ID | J10: varchar | M10: 16 | Q10: 1 | R10: ○ | S10: ○
A11: =ROW()-9 -> 2 | B11: 問題レベルID | F11: QUESTION_LEVEL_ID | J11: char | M11: 2 | Q11: 2 | R11: ○ | S11: ○
A12: =ROW()-9 -> 3 | B12: 問題カテゴリID | F12: QUESTION_CAT_ID | J12: char | M12: 2 | P12: 2 | Q12: 3 | R12: ○ | S12: ○
A13: =ROW()-9 -> 4 | B13: 問題サブカテゴリID | F13: QUESTION_SUB_CAT_ID | J13: char | M13: 2 | Q13: 4 | R13: ○ | S13: ○
A14: =ROW()-9 -> 5 | B14: 問題ID | F14: QUESTION_ID | J14: char | M14: 9 | Q14: 5 | R14: ○ | S14: ○
A15: =ROW()-9 -> 6 | B15: 登録ユーザID | F15: INSERT_USER_ID | J15: varchar | M15: 16 | R15: ○
A16: =ROW()-9 -> 7 | B16: 登録年月日 | F16: INSERT_DATE | J16: timestamp | R16: ○
A17: =ROW()-9 -> 8 | B17: 更新ユーザID | F17: UPDATE_USER_ID | J17: varchar | M17: 16 | R17: ○
A18: =ROW()-9 -> 9 | B18: 更新年月日 | F18: UPDATE_DATE | J18: timestamp | R18: ○
A19: =ROW()-9 -> 10 | B19: 削除フラグ | F19: DELETE_FLG | J19: char | M19: 1 | N19: 0 | O19: 0 | R19: ○ | T19: CMN001

Sheet DB定義雛形
A1: 文書名 | C1: =表紙!B3 -> アビックトレーニング（仮）DB定義書 | Q1: 作成者 | Y1: 作成日
Q2: 更新者 | Y2: 更新日
A4: テーブル論理名称
A5: テーブル物理名称
A6: 説明
A8: 一覧に戻る
A9: No | B9: 論理名称 | F9: 物理名称 | J9: データ型 | M9: 桁数 | O9: 初期値 | Q9: PK | R9: NN | S9: 説明
A10: =ROW()-9 -> 1
A11: =ROW()-9 -> 2
A12: =ROW()-9 -> 3
A13: =ROW()-9 -> 4
A14: =ROW()-9 -> 5
A15: =ROW()-9 -> 6
A16: =ROW()-9 -> 7
A17: =ROW()-9 -> 8
